{
  "_fv": 6,
  "_type": "recipe",
  "definition": {
    "recipeType": "Crafting",
    "xpReward": 0.0,
    "recipeRetstackSize": 1,
    "group": "",
    "recipeShapeless": true,
    "recipeSlots": [
      {
        "value": ""
      },
      {
        "value": "Items.GOLDEN_PICKAXE"
      },
      {
        "value": ""
      },
      {
        "value": "Blocks.WOOL#4"
      },
      {
        "value": "Items.BOOK"
      },
      {
        "value": "Blocks.WOOL#4"
      },
      {
        "value": "Items.DYE#2"
      },
      {
        "value": "Items.GOLDEN_PICKAXE"
      },
      {
        "value": "Items.DYE#1"
      }
    ],
    "recipeReturnStack": {
      "value": "CUSTOM:Dictionary"
    },
    "name": "dictionary1",
    "namespace": "mod"
  }
}