{
  "_fv": 6,
  "_type": "recipe",
  "definition": {
    "recipeType": "Crafting",
    "xpReward": 0.0,
    "recipeRetstackSize": 1,
    "group": "",
    "recipeShapeless": false,
    "recipeSlots": [
      {
        "value": ""
      },
      {
        "value": "CUSTOM:Rainbowbarrage"
      },
      {
        "value": ""
      },
      {
        "value": "CUSTOM:Rainbowbarrage"
      },
      {
        "value": "CUSTOM:Fua"
      },
      {
        "value": "CUSTOM:Rainbowbarrage"
      },
      {
        "value": ""
      },
      {
        "value": "CUSTOM:Rainbowbarrage"
      },
      {
        "value": ""
      }
    ],
    "recipeReturnStack": {
      "value": "CUSTOM:Fuc"
    },
    "name": "fuc1",
    "namespace": "mod"
  }
}