{
  "_fv": 6,
  "_type": "recipe",
  "definition": {
    "recipeType": "Crafting",
    "xpReward": 0.0,
    "recipeRetstackSize": 9,
    "group": "",
    "recipeShapeless": true,
    "recipeSlots": [
      {
        "value": ""
      },
      {
        "value": "CUSTOM:Gasoline"
      },
      {
        "value": ""
      },
      {
        "value": ""
      },
      {
        "value": "Items.GLASS_BOTTLE"
      },
      {
        "value": ""
      },
      {
        "value": ""
      },
      {
        "value": ""
      },
      {
        "value": ""
      }
    ],
    "recipeReturnStack": {
      "value": "CUSTOM:Gasolinebottle"
    },
    "name": "gasolinebottle1",
    "namespace": "mod"
  }
}