{
  "_fv": 6,
  "_type": "recipe",
  "definition": {
    "recipeType": "Crafting",
    "xpReward": 0.0,
    "recipeRetstackSize": 1,
    "group": "",
    "recipeShapeless": false,
    "recipeSlots": [
      {
        "value": "Items.WHEAT"
      },
      {
        "value": "Items.GOLD_INGOT"
      },
      {
        "value": "Items.WHEAT"
      },
      {
        "value": "Items.GOLD_INGOT"
      },
      {
        "value": ""
      },
      {
        "value": "Items.GOLD_INGOT"
      },
      {
        "value": "Items.LEATHER"
      },
      {
        "value": "Items.GOLD_INGOT"
      },
      {
        "value": "Items.LEATHER"
      }
    ],
    "recipeReturnStack": {
      "value": "CUSTOM:Horsering"
    },
    "name": "horsering1",
    "namespace": "mod"
  }
}