{
  "_fv": 6,
  "_type": "recipe",
  "definition": {
    "recipeType": "Crafting",
    "xpReward": 0.0,
    "recipeRetstackSize": 1,
    "group": "",
    "recipeShapeless": false,
    "recipeSlots": [
      {
        "value": "Blocks.REDSTONE_BLOCK"
      },
      {
        "value": "Blocks.TNT"
      },
      {
        "value": "Blocks.REDSTONE_BLOCK"
      },
      {
        "value": "CUSTOM:Gensokyogem"
      },
      {
        "value": "CUSTOM:Powerstoneblock"
      },
      {
        "value": "CUSTOM:Gensokyogem"
      },
      {
        "value": "Blocks.IRON_BLOCK"
      },
      {
        "value": "Blocks.TNT"
      },
      {
        "value": "Blocks.IRON_BLOCK"
      }
    ],
    "recipeReturnStack": {
      "value": "CUSTOM:Mimichan"
    },
    "name": "mimichan1",
    "namespace": "mod"
  }
}