{
  "_fv": 6,
  "_type": "biome",
  "definition": {
    "name": "BambooForest",
    "groundBlock": {
      "value": "Blocks.GRASS"
    },
    "undergroundBlock": {
      "value": "Blocks.DIRT#0"
    },
    "generateLakes": true,
    "treeType": 1,
    "vanillaTreeType": "Default",
    "minHeight": 20,
    "spawnVines": false,
    "treeVines": {
      "value": "Blocks.AIR"
    },
    "treeStem": {
      "value": "CUSTOM:Bambooplant"
    },
    "treeBranch": {
      "value": "Blocks.AIR"
    },
    "treeFruits": {
      "value": "Blocks.AIR"
    },
    "customColors": false,
    "airColor": {
      "value": -5916161,
      "falpha": 0.0
    },
    "grassColor": {
      "value": -13261999,
      "falpha": 0.0
    },
    "waterColor": {
      "value": -14329397,
      "falpha": 0.0
    },
    "treesPerChunk": 0,
    "grassPerChunk": 9,
    "flowersPerChunk": 9,
    "mushroomsPerChunk": 2,
    "bigMushroomsChunk": 0,
    "sandPathcesPerChunk": 0,
    "gravelPatchesPerChunk": 0,
    "reedsPerChunk": 0,
    "cactiPerChunk": 0,
    "deadBushesPerChunk": 0,
    "rainingPossibility": 0.4,
    "temperature": 0.65,
    "baseHeight": 0.2,
    "heightVariation": 0.3,
    "spawnBiome": false,
    "biomeWeight": 35,
    "biomeType": "WARM",
    "biomeCategory": "NONE",
    "parent": {
      "value": "No parent"
    },
    "biomeDictionaryTypes": [],
    "spawnList": [
      {
        "value": "CUSTOM:Hxxsw"
      }
    ]
  }
}