{
  "_fv": 6,
  "_type": "recipe",
  "definition": {
    "recipeType": "Crafting",
    "xpReward": 0.0,
    "recipeRetstackSize": 1,
    "group": "",
    "recipeShapeless": false,
    "recipeSlots": [
      {
        "value": "Items.STRING"
      },
      {
        "value": "Blocks.WOOL#0"
      },
      {
        "value": "Items.STRING"
      },
      {
        "value": "Blocks.WOOL#0"
      },
      {
        "value": "CUSTOM:Ruby"
      },
      {
        "value": "Blocks.WOOL#0"
      },
      {
        "value": "Items.STRING"
      },
      {
        "value": "Blocks.WOOL#0"
      },
      {
        "value": "Items.STRING"
      }
    ],
    "recipeReturnStack": {
      "value": "CUSTOM:Fabric"
    },
    "name": "fabric1",
    "namespace": "mod"
  }
}