{
  "_fv": 6,
  "_type": "recipe",
  "definition": {
    "recipeType": "Crafting",
    "xpReward": 0.0,
    "recipeRetstackSize": 1,
    "group": "",
    "recipeShapeless": true,
    "recipeSlots": [
      {
        "value": ""
      },
      {
        "value": "Items.STRING"
      },
      {
        "value": ""
      },
      {
        "value": "CUSTOM:Powerstone"
      },
      {
        "value": "CUSTOM:Ng7"
      },
      {
        "value": "CUSTOM:Gensokyogem"
      },
      {
        "value": ""
      },
      {
        "value": "Blocks.TNT"
      },
      {
        "value": ""
      }
    ],
    "recipeReturnStack": {
      "value": "CUSTOM:Mr7"
    },
    "name": "mr71",
    "namespace": "mod"
  }
}