{
  "_fv": 6,
  "_type": "recipe",
  "definition": {
    "recipeType": "Crafting",
    "xpReward": 0.0,
    "recipeRetstackSize": 2,
    "group": "",
    "recipeShapeless": false,
    "recipeSlots": [
      {
        "value": "CUSTOM:Barrage"
      },
      {
        "value": "CUSTOM:Barrage"
      },
      {
        "value": "CUSTOM:Barrage"
      },
      {
        "value": "CUSTOM:Barrage"
      },
      {
        "value": "CUSTOM:Powerstoneblock"
      },
      {
        "value": "CUSTOM:Barrage"
      },
      {
        "value": "CUSTOM:Barrage"
      },
      {
        "value": "CUSTOM:Barrage"
      },
      {
        "value": "CUSTOM:Barrage"
      }
    ],
    "recipeReturnStack": {
      "value": "CUSTOM:Rainbowbarrage"
    },
    "name": "rainbowbarrage1",
    "namespace": "mod"
  }
}