{
  "_fv": 6,
  "_type": "recipe",
  "definition": {
    "recipeType": "Crafting",
    "xpReward": 0.0,
    "recipeRetstackSize": 1,
    "group": "",
    "recipeShapeless": false,
    "recipeSlots": [
      {
        "value": "CUSTOM:Ruby"
      },
      {
        "value": "CUSTOM:Ruby"
      },
      {
        "value": "CUSTOM:Ruby"
      },
      {
        "value": "CUSTOM:Ruby"
      },
      {
        "value": "CUSTOM:Ranliaotaozhuang.legs"
      },
      {
        "value": "CUSTOM:Ruby"
      },
      {
        "value": "CUSTOM:Ruby"
      },
      {
        "value": ""
      },
      {
        "value": "CUSTOM:Ruby"
      }
    ],
    "recipeReturnStack": {
      "value": "CUSTOM:Rubyarmor.legs"
    },
    "name": "rubyc",
    "namespace": "mod"
  }
}