{
  "_fv": 6,
  "_type": "mob",
  "definition": {
    "mobName": "Cirno",
    "mobLabel": "Cirno",
    "mobModelTexture": "cirno.png",
    "mobModelName": "Biped",
    "modelWidth": 0.6,
    "modelHeight": 1.8,
    "modelShadowSize": 0.5,
    "armorBaseValue": 0.0,
    "hasSpawnEgg": true,
    "spawnEggBaseColor": {
      "value": -16724788,
      "falpha": 0.0
    },
    "spawnEggDotColor": {
      "value": -6684673,
      "falpha": 0.0
    },
    "creativeTab": {
      "value": "CUSTOM:StrangeFuelsMod"
    },
    "isBoss": false,
    "bossBarColor": "PINK",
    "bossBarType": "PROGRESS",
    "equipmentMainHand": {
      "value": "Items.DIAMOND_SWORD"
    },
    "equipmentOffHand": {
      "value": ""
    },
    "equipmentHelmet": {
      "value": ""
    },
    "equipmentBody": {
      "value": "CUSTOM:Icewings.body"
    },
    "equipmentLeggings": {
      "value": ""
    },
    "equipmentBoots": {
      "value": ""
    },
    "mobBehaviourType": "Creature",
    "mobCreatureType": "UNDEFINED",
    "attackStrength": 6,
    "movementSpeed": 0.3,
    "trackingRange": 24,
    "health": 30,
    "xpAmount": 5,
    "waterMob": false,
    "flyingMob": false,
    "disableCollisions": false,
    "ridable": false,
    "canControlForward": false,
    "canControlStrafe": false,
    "immuneToFire": false,
    "immuneToArrows": false,
    "immuneToFallDamage": true,
    "immuneToCactus": true,
    "immuneToDrowning": true,
    "immuneToLightning": false,
    "immuneToPotions": false,
    "immuneToPlayer": false,
    "mobDrop": {
      "value": "CUSTOM:Nine"
    },
    "livingSound": {
      "value": "CUSTOM:reimu"
    },
    "hurtSound": {
      "value": "entity.sheep.hurt"
    },
    "deathSound": {
      "value": "entity.sheep.death"
    },
    "spawnParticles": false,
    "particleToSpawn": {
      "value": "EXPLOSION_NORMAL"
    },
    "particleSpawningShape": "Spread",
    "particleSpawningRadious": 0.5,
    "particleAmount": 4,
    "particleSpawningCondition": "ALWAYS",
    "hasAI": true,
    "aiBase": "(none)",
    "aixml": "<xml xmlns=\"https://developers.google.com/blockly/xml\"><block type=\"aitasks_container\" deletable=\"false\" x=\"40\" y=\"40\"><next><block type=\"wander\"><field name=\"speed\">0.9</field><next><block type=\"look_around\"><next><block type=\"swim_in_water\"><next><block type=\"panic_when_attacked\"><field name=\"speed\">1.1</field><next><block type=\"attack_entity\"><field name=\"insight\">FALSE</field><field name=\"nearby\">TRUE</field><field name=\"entity\">EntityZombie</field><next><block type=\"attack_entity\"><field name=\"insight\">FALSE</field><field name=\"nearby\">TRUE</field><field name=\"entity\">EntitySkeleton</field><next><block type=\"attack_entity\"><field name=\"insight\">FALSE</field><field name=\"nearby\">TRUE</field><field name=\"entity\">EntityPlayer</field><next><block type=\"follow_item_in_hands\"><field name=\"speed\">1.1</field><field name=\"scared\">FALSE</field><value name=\"item\"><block type=\"mcitem_all\"><field name=\"value\">Items.COOKIE</field></block></value><next><block type=\"move_indoors\"><next><block type=\"doors_open\"><next><block type=\"doors_close\"/></next></block></next></block></next></block></next></block></next></block></next></block></next></block></next></block></next></block></next></block></next></block></xml>",
    "breedable": false,
    "breedTriggerItems": [],
    "ranged": false,
    "rangedAttackItem": {
      "value": ""
    },
    "spawnThisMob": true,
    "doesDespawnWhenIdle": true,
    "spawningProbability": 30,
    "mobSpawningType": "creature",
    "minNumberOfMobsPerGroup": 2,
    "maxNumberOfMobsPerGroup": 5,
    "restrictionBiomes": [
      {
        "value": "CUSTOM:Gensokyoforest"
      },
      {
        "value": "CUSTOM:Iceforest"
      }
    ],
    "spawnInDungeons": false
  }
}