{
  "_fv": 6,
  "_type": "biome",
  "definition": {
    "name": "Absurdland",
    "groundBlock": {
      "value": "Blocks.EMERALD_BLOCK"
    },
    "undergroundBlock": {
      "value": "Blocks.REDSTONE_BLOCK"
    },
    "generateLakes": false,
    "treeType": 1,
    "vanillaTreeType": "Default",
    "minHeight": 6,
    "spawnVines": false,
    "treeVines": {
      "value": "Blocks.AIR"
    },
    "treeStem": {
      "value": "Blocks.LAPIS_BLOCK"
    },
    "treeBranch": {
      "value": "Blocks.GOLD_BLOCK"
    },
    "treeFruits": {
      "value": "Blocks.DIAMOND_BLOCK"
    },
    "customColors": true,
    "airColor": {
      "value": -256,
      "falpha": 0.0
    },
    "grassColor": {
      "value": -3407668,
      "falpha": 0.0
    },
    "waterColor": {
      "value": -65536,
      "falpha": 0.0
    },
    "treesPerChunk": 2,
    "grassPerChunk": 0,
    "flowersPerChunk": 0,
    "mushroomsPerChunk": 0,
    "bigMushroomsChunk": 0,
    "sandPathcesPerChunk": 0,
    "gravelPatchesPerChunk": 0,
    "reedsPerChunk": 0,
    "cactiPerChunk": 0,
    "deadBushesPerChunk": 0,
    "rainingPossibility": 0.19999999999999998,
    "temperature": 0.7,
    "baseHeight": 0.15000000000000002,
    "heightVariation": 0.25,
    "spawnBiome": false,
    "biomeWeight": 1,
    "biomeType": "DESERT",
    "biomeCategory": "NONE",
    "parent": {
      "value": "No parent"
    },
    "biomeDictionaryTypes": [],
    "spawnList": [
      {
        "value": "EntityVillager"
      },
      {
        "value": "EntityCreeper"
      }
    ]
  }
}