{
  "_fv": 6,
  "_type": "recipe",
  "definition": {
    "recipeType": "Crafting",
    "xpReward": 0.0,
    "recipeRetstackSize": 1,
    "group": "",
    "recipeShapeless": false,
    "recipeSlots": [
      {
        "value": ""
      },
      {
        "value": ""
      },
      {
        "value": "CUSTOM:Moongemblock"
      },
      {
        "value": ""
      },
      {
        "value": "CUSTOM:Moongemblock"
      },
      {
        "value": ""
      },
      {
        "value": "CUSTOM:Roukanken"
      },
      {
        "value": ""
      },
      {
        "value": ""
      }
    ],
    "recipeReturnStack": {
      "value": "CUSTOM:Murakumo"
    },
    "name": "murakumo1",
    "namespace": "mod"
  }
}