{
  "_fv": 6,
  "_type": "recipe",
  "definition": {
    "recipeType": "Crafting",
    "xpReward": 0.0,
    "recipeRetstackSize": 1,
    "group": "",
    "recipeShapeless": false,
    "recipeSlots": [
      {
        "value": "CUSTOM:Yonghengranliao"
      },
      {
        "value": "CUSTOM:Yonghengranliao"
      },
      {
        "value": "CUSTOM:Yonghengranliao"
      },
      {
        "value": "CUSTOM:Yonghengranliao"
      },
      {
        "value": "Blocks.DIAMOND_BLOCK"
      },
      {
        "value": "CUSTOM:Yonghengranliao"
      },
      {
        "value": "CUSTOM:Yonghengranliao"
      },
      {
        "value": "CUSTOM:Yonghengranliao"
      },
      {
        "value": "CUSTOM:Yonghengranliao"
      }
    ],
    "recipeReturnStack": {
      "value": "CUSTOM:Anwuzhi"
    },
    "name": "anwuzhi1",
    "namespace": "mod"
  }
}