{
  "_fv": 6,
  "_type": "biome",
  "definition": {
    "name": "Gensokyoforest",
    "groundBlock": {
      "value": "Blocks.GRASS"
    },
    "undergroundBlock": {
      "value": "Blocks.DIRT#0"
    },
    "generateLakes": true,
    "treeType": 0,
    "vanillaTreeType": "Big trees",
    "minHeight": 7,
    "spawnVines": false,
    "treeVines": {
      "value": ""
    },
    "treeStem": {
      "value": ""
    },
    "treeBranch": {
      "value": ""
    },
    "treeFruits": {
      "value": ""
    },
    "customColors": false,
    "airColor": {
      "value": -5916161,
      "falpha": 0.0
    },
    "grassColor": {
      "value": -13261999,
      "falpha": 0.0
    },
    "waterColor": {
      "value": -14329397,
      "falpha": 0.0
    },
    "treesPerChunk": 16,
    "grassPerChunk": 16,
    "flowersPerChunk": 6,
    "mushroomsPerChunk": 4,
    "bigMushroomsChunk": 0,
    "sandPathcesPerChunk": 0,
    "gravelPatchesPerChunk": 0,
    "reedsPerChunk": 2,
    "cactiPerChunk": 0,
    "deadBushesPerChunk": 0,
    "rainingPossibility": 0.4,
    "temperature": 0.55,
    "baseHeight": 0.2,
    "heightVariation": 0.9,
    "spawnBiome": false,
    "biomeWeight": 60,
    "biomeType": "WARM",
    "biomeCategory": "PLAINS",
    "parent": {
      "value": "No parent"
    },
    "biomeDictionaryTypes": [],
    "spawnList": [
      {
        "value": "CUSTOM:Hxxsw"
      }
    ]
  }
}