{
  "_fv": 6,
  "_type": "recipe",
  "definition": {
    "recipeType": "Crafting",
    "xpReward": 0.0,
    "recipeRetstackSize": 1,
    "group": "",
    "recipeShapeless": false,
    "recipeSlots": [
      {
        "value": "CUSTOM:Fabric"
      },
      {
        "value": "Items.DYE#15"
      },
      {
        "value": "CUSTOM:Fabric"
      },
      {
        "value": "Items.DYE#1"
      },
      {
        "value": "CUSTOM:Fabric"
      },
      {
        "value": "Items.DYE#1"
      },
      {
        "value": "CUSTOM:Fabric"
      },
      {
        "value": "CUSTOM:Gensokyogem"
      },
      {
        "value": "CUSTOM:Fabric"
      }
    ],
    "recipeReturnStack": {
      "value": "CUSTOM:Reimusbf.helmet"
    },
    "name": "reimusbf1",
    "namespace": "mod"
  }
}