{
  "_fv": 6,
  "_type": "recipe",
  "definition": {
    "recipeType": "Crafting",
    "xpReward": 0.0,
    "recipeRetstackSize": 1,
    "group": "",
    "recipeShapeless": false,
    "recipeSlots": [
      {
        "value": "Items.RABBIT_FOOT"
      },
      {
        "value": "Items.RABBIT_FOOT"
      },
      {
        "value": "Items.RABBIT_FOOT"
      },
      {
        "value": "Items.RABBIT_FOOT"
      },
      {
        "value": "CUSTOM:Starfuel"
      },
      {
        "value": "Items.RABBIT_FOOT"
      },
      {
        "value": "Items.RABBIT_FOOT"
      },
      {
        "value": "Items.RABBIT_FOOT"
      },
      {
        "value": "Items.RABBIT_FOOT"
      }
    ],
    "recipeReturnStack": {
      "value": "CUSTOM:TEBSTT"
    },
    "name": "tebstt1",
    "namespace": "mod"
  }
}