{
  "_fv": 6,
  "_type": "recipe",
  "definition": {
    "recipeType": "Crafting",
    "xpReward": 0.0,
    "recipeRetstackSize": 1,
    "group": "",
    "recipeShapeless": false,
    "recipeSlots": [
      {
        "value": "Items.DYE#11"
      },
      {
        "value": ""
      },
      {
        "value": "Items.DYE#4"
      },
      {
        "value": "Blocks.GLASS"
      },
      {
        "value": "CUSTOM:Hongwuzhi"
      },
      {
        "value": "Blocks.GLASS"
      },
      {
        "value": "Items.DYE#11"
      },
      {
        "value": ""
      },
      {
        "value": "Items.DYE#2"
      }
    ],
    "recipeReturnStack": {
      "value": "CUSTOM:Eye.helmet"
    },
    "name": "eye1",
    "namespace": "mod"
  }
}