{
  "_fv": 6,
  "_type": "recipe",
  "definition": {
    "recipeType": "Crafting",
    "xpReward": 0.0,
    "recipeRetstackSize": 1,
    "group": "",
    "recipeShapeless": false,
    "recipeSlots": [
      {
        "value": "Blocks.HOPPER"
      },
      {
        "value": "CUSTOM:Ruby"
      },
      {
        "value": "Blocks.HOPPER"
      },
      {
        "value": "CUSTOM:Powerstone"
      },
      {
        "value": "Items.ENDER_EYE"
      },
      {
        "value": "CUSTOM:Powerstone"
      },
      {
        "value": "CUSTOM:Powerstone"
      },
      {
        "value": "CUSTOM:Powerstone"
      },
      {
        "value": "CUSTOM:Powerstone"
      }
    ],
    "recipeReturnStack": {
      "value": "CUSTOM:Jitan1"
    },
    "name": "jitan2",
    "namespace": "mod"
  }
}