{
  "_fv": 6,
  "_type": "recipe",
  "definition": {
    "recipeType": "Crafting",
    "xpReward": 0.0,
    "recipeRetstackSize": 1,
    "group": "",
    "recipeShapeless": false,
    "recipeSlots": [
      {
        "value": "Blocks.GOLD_BLOCK"
      },
      {
        "value": "Blocks.GOLD_BLOCK"
      },
      {
        "value": "Blocks.REDSTONE_BLOCK"
      },
      {
        "value": "Blocks.GOLD_BLOCK"
      },
      {
        "value": "CUSTOM:Powerstone"
      },
      {
        "value": "Blocks.EMERALD_BLOCK"
      },
      {
        "value": "Blocks.REDSTONE_BLOCK"
      },
      {
        "value": "Blocks.EMERALD_BLOCK"
      },
      {
        "value": "Blocks.EMERALD_BLOCK"
      }
    ],
    "recipeReturnStack": {
      "value": "CUSTOM:Absurdhead.helmet"
    },
    "name": "absurdhead1",
    "namespace": "mod"
  }
}