{
  "_fv": 6,
  "_type": "gun",
  "definition": {
    "renderType": 0,
    "texture": "barrage",
    "customModelName": "Normal",
    "name": "��Ļ",
    "creativeTab": {
      "value": "CUSTOM:StrangeFuelsMod"
    },
    "stackSize": 64,
    "ammoItem": {
      "value": "CUSTOM:Barrage"
    },
    "shootConstantly": true,
    "usageCount": 0,
    "actionSound": {
      "value": "entity.snowball.throw"
    },
    "hasGlow": false,
    "enableMeleeDamage": false,
    "damageVsEntity": 0.0,
    "bulletPower": 1.0,
    "bulletDamage": 3.0,
    "bulletKnockback": 0,
    "bulletParticles": false,
    "bulletIgnitesFire": false,
    "bulletItemTexture": {
      "value": "CUSTOM:Barrage"
    },
    "bulletModel": "Default",
    "customBulletModelTexture": ""
  }
}