{
  "_fv": 6,
  "_type": "recipe",
  "definition": {
    "recipeType": "Crafting",
    "xpReward": 0.0,
    "recipeRetstackSize": 1,
    "group": "",
    "recipeShapeless": false,
    "recipeSlots": [
      {
        "value": "CUSTOM:Occultpearl"
      },
      {
        "value": "CUSTOM:Powerstoneblock"
      },
      {
        "value": "CUSTOM:Occultpearl"
      },
      {
        "value": "CUSTOM:Fuc"
      },
      {
        "value": "Items.GOLDEN_APPLE#1"
      },
      {
        "value": "CUSTOM:Fuc"
      },
      {
        "value": "CUSTOM:Occultpearl"
      },
      {
        "value": "CUSTOM:Powerstoneblock"
      },
      {
        "value": "CUSTOM:Occultpearl"
      }
    ],
    "recipeReturnStack": {
      "value": "CUSTOM:Fud"
    },
    "name": "fud1",
    "namespace": "mod"
  }
}