{
  "_fv": 6,
  "_type": "recipe",
  "definition": {
    "recipeType": "Crafting",
    "xpReward": 0.0,
    "recipeRetstackSize": 8,
    "group": "",
    "recipeShapeless": false,
    "recipeSlots": [
      {
        "value": "Items.BREAD"
      },
      {
        "value": "Items.BREAD"
      },
      {
        "value": "Items.BREAD"
      },
      {
        "value": "Items.BREAD"
      },
      {
        "value": "CUSTOM:Gensokyogem"
      },
      {
        "value": "Items.BREAD"
      },
      {
        "value": "Items.BREAD"
      },
      {
        "value": "Items.BREAD"
      },
      {
        "value": "Items.BREAD"
      }
    ],
    "recipeReturnStack": {
      "value": "CUSTOM:Halfsoul"
    },
    "name": "halfsoul1",
    "namespace": "mod"
  }
}