{
  "_fv": 6,
  "_type": "recipe",
  "definition": {
    "recipeType": "Crafting",
    "xpReward": 0.0,
    "recipeRetstackSize": 1,
    "group": "",
    "recipeShapeless": false,
    "recipeSlots": [
      {
        "value": "Items.LEATHER"
      },
      {
        "value": "Items.SHULKER_SHELL"
      },
      {
        "value": "Items.LEATHER"
      },
      {
        "value": "Items.LEATHER"
      },
      {
        "value": "Items.ENDER_EYE"
      },
      {
        "value": "Items.LEATHER"
      },
      {
        "value": "Items.LEATHER"
      },
      {
        "value": ""
      },
      {
        "value": "Items.LEATHER"
      }
    ],
    "recipeReturnStack": {
      "value": "Items.ELYTRA"
    },
    "name": "qiaochi",
    "namespace": "mod"
  }
}